{
    "dashboardData":[{
        "sno": "1",
        "list": "OO",
        "domain":"FLIFO",
        "eventtotal": "1000",
        "eventerror":"10",
        "totalerror": "100",
        "avgerror":"25",
        "event_warned":"20",        
        "totalWarned":"25",
        "avg/warn":"1.5",
        "warn_event_per":"40%",
        "err_event":"5%",
        "balance_score":"75%"
    },
    {
        "sno": "2",
        "list": "CW",
        "domain":"FUEL",
        "eventtotal": "2000",
        "eventerror":"20",
        "totalerror": "200",
        "avgerror":"25",
        "event_warned":"20",        
        "totalWarned":"25",
        "avg/warn":"3.5",
        "warn_event_per":"50%",
        "err_event":"5%",
        "balance_score":"77%"
    },
    {
        "sno": "3",
        "list": "G7",
        "domain":"TECHOPS",
        "eventtotal": "3300",
        "eventerror":"30",
        "totalerror": "300",
        "avgerror":"35",
        "event_warned":"30",        
        "totalWarned":"35",
        "avg/warn":"3.5",
        "warn_event_per":"30%",
        "err_event":"5%",
        "balance_score":"37%"
    },
    {
        "sno": "4",
        "list": "YX",
        "domain":"CREW",
        "eventtotal": "4300",
        "eventerror":"40",
        "totalerror": "400",
        "avgerror":"45",
        "event_warned":"40",        
        "totalWarned":"45",
        "avg/warn":"4.5",
        "warn_event_per":"40%",
        "err_event":"10%",
        "balance_score":"47%"
    },
    {
        "sno": "5",
        "list": "YV",
        "domain":"FLIFO",
        "eventtotal": "5300",
        "eventerror":"50",
        "totalerror": "500",
        "avgerror":"55",
        "event_warned":"50",        
        "totalWarned":"55",
        "avg/warn":"5.5",
        "warn_event_per":"50%",
        "err_event":"50%",
        "balance_score":"57%"
    }
    
]
}